title,,tags,score,Type
RuntimeError: Input type (torch.FloatTensor) and weight type (torch.cuda.FloatTensor) should be the same,https://stackoverflow.com/questions/59013109,<python><python-3.x><machine-learning><deep-learning><pytorch>,185,Device
transforms.Normalize() between 0 and 1 when using Lab,https://stackoverflow.com/questions/59115888,<python><tensorflow><machine-learning><deep-learning><pytorch>,2,Normalization
How to properly implement 1D CNN for numerical data in PyTorch?,https://stackoverflow.com/questions/59125208,<python><machine-learning><neural-network><conv-neural-network><pytorch>,2,Tensor
Multi-class for sentence classification with pytorch (Using nn.LSTM),https://stackoverflow.com/questions/59177430,<python><machine-learning><neural-network><pytorch><torch>,3,Tensor
Proper dataloader setup to train fasterrcnn-resnet50 for object detection with pytorch,https://stackoverflow.com/questions/59215086,<python><machine-learning><computer-vision><pytorch><resnet>,2,Tensor
"Error during training on ResNet50: Expected 4-dimensional input for 4-dimensional weight [64, 3, 7, 7], but got input of size [8, 196608] instead",https://stackoverflow.com/questions/59434184,<python><deep-learning><computer-vision><pytorch><torchvision>,2,Tensor
"RuntimeError: Expected 4-dimensional input for 4-dimensional weight [32, 4, 8, 8], but got 2-dimensional input of size [1, 4] instead",https://stackoverflow.com/questions/59510603,<python><conv-neural-network><pytorch><reinforcement-learning><torch>,2,Tensor
CNN Pytorch Error : Input type (torch.cuda.ByteTensor) and weight type (torch.cuda.FloatTensor) should be the same,https://stackoverflow.com/questions/59582663,<python><machine-learning><conv-neural-network><pytorch>,16,Data Type
"Pytorch tensor, how to switch channel position - Runtime error",https://stackoverflow.com/questions/59648324,<python-3.x><pytorch><conv-neural-network>,23,Tensor
What are C classes for a NLLLoss loss function in Pytorch?,https://stackoverflow.com/questions/59718130,<python><machine-learning><neural-network><pytorch>,8,Tensor
"Unable to allocate GPU memory, when there is enough of cached memory",https://stackoverflow.com/questions/59805901,<amazon-ec2><deep-learning><pytorch><gpu>,3,
Dropconnect implementation in pytorch,https://stackoverflow.com/questions/59970510,<deep-learning><pytorch>,3,
Pytorch: RuntimeError: reduce failed to synchronize: cudaErrorAssert: device-side assert triggered,https://stackoverflow.com/questions/60022388,<python><machine-learning><deep-learning><pytorch>,17,
pytorch nllloss function target shape mismatch,https://stackoverflow.com/questions/60121107,<deep-learning><nlp><pytorch><lstm><loss-function>,5,
Pytorch default dataloader gets stuck for large image classification training set,https://stackoverflow.com/questions/60173417,<deep-learning><computer-vision><classification><pytorch><dataloader>,3,
Pytorch transforms.RandomRotation() does not work on Google Colab,https://stackoverflow.com/questions/60205829,<python><machine-learning><pytorch><google-colaboratory>,4,
pytorch conv2d value cannot be converted to type uint8_t without overflow,https://stackoverflow.com/questions/60253449,<python><pytorch><conv-neural-network>,6,
AttributeError: dataset object has no attribute 'c' FastAI,https://stackoverflow.com/questions/60296710,<python-3.x><deep-learning><pytorch><fast-ai><unet-neural-network>,4,
What is the correct way of encoding a large batch of documents with sentence transformers/pytorch?,https://stackoverflow.com/questions/68337487,<python><numpy><machine-learning><nlp><pytorch>,2,
PyTorch custom forward function does not work with DataParallel,https://stackoverflow.com/questions/68344572,<python-3.x><deep-learning><pytorch><multiple-gpu>,4,
CPU only pytorch is crashing with error AssertionError: Torch not compiled with CUDA enabled,https://stackoverflow.com/questions/68477345,<python><machine-learning><pytorch><python-3.7><torchvision>,4,
RTX 3070 compatibility with Pytorch,https://stackoverflow.com/questions/68529258,<deep-learning><pytorch><gpu><nvidia>,5,
"How to Fix ""AssertionError: CUDA unavailable, invalid device 0 requested""",https://stackoverflow.com/questions/68562730,<python><deep-learning><pytorch>,6,
Pytorch unable to export trained model as ONNX,https://stackoverflow.com/questions/68565147,<python-3.x><matlab><pytorch><conv-neural-network><onnx>,5,
Converting From .pt model to .h5 model,https://stackoverflow.com/questions/68577156,<python><machine-learning><keras><pytorch>,3,
torch.nn.DataParallel with torch.autograd.grad in loss function fails,https://stackoverflow.com/questions/68647895,<deep-learning><neural-network><pytorch><autograd>,2,
How to Visualize the model graph of a Graph Neural Network in Tensorboard,https://stackoverflow.com/questions/68903982,<deep-learning><pytorch><conv-neural-network><tensorboard><tensorboardx>,2,
Adding a simple attention layer to a custom resnet 18 architecture causes error in forward pass,https://stackoverflow.com/questions/69006025,<python><deep-learning><pytorch><computer-vision><attention-model>,2,
"File ""mtrand.pyx"", line 905, in numpy.random.mtrand.RandomState.choice TypeError: 'dict_keys' object cannot be interpreted as an integer",https://stackoverflow.com/questions/69018998,<python><numpy><deep-learning><pytorch><pytorch-dataloader>,2,
TypeError: unsupported format string passed to Tensor.__format__,https://stackoverflow.com/questions/69021335,<python><deep-learning><pytorch><computer-vision><tensor>,2,
"PyTorch | getting ""RuntimeError: Found dtype Long but expected Float"" with dataset Omniglot",https://stackoverflow.com/questions/69124057,<python><neural-network><pytorch>,2,
using ImageFolder with albumentations in pytorch,https://stackoverflow.com/questions/69151052,<pytorch><conv-neural-network><albumentations>,3,
potential bug when upgrading to PyTorch 1.9 ImportError: cannot import name 'int_classes' from 'torch._six',https://stackoverflow.com/questions/69170518,<python><import><deep-learning><pytorch><six>,2,
Mismatched size on BertForSequenceClassification from Transformers and multiclass problem,https://stackoverflow.com/questions/69194640,<python><deep-learning><pytorch><huggingface-transformers><bert-language-model>,7,
How can I solve the problem that method is not iterable?,https://stackoverflow.com/questions/69234232,<python><machine-learning><pytorch><autoencoder>,3,
TypeError in torch.argmax() when want to find the tokens with the highest `start` score,https://stackoverflow.com/questions/69239925,<python><pytorch><torch><huggingface-transformers><bert-language-model>,2,
Getting pytorch backward's RuntimeError: Trying to backward through the graph a second time... when slicing a tensor,https://stackoverflow.com/questions/69339143,<python><deep-learning><pytorch><autograd>,3,
"PyTorch: ""KeyError: Caught KeyError in DataLoader worker process 0.""",https://stackoverflow.com/questions/69393214,<machine-learning><image-processing><pytorch><dataset>,7,
Error in Pytorch : libcudart.so.10.2: cannot open shared object file: No such file or directory,https://stackoverflow.com/questions/69486204,<neural-network><pytorch><torch><pytorch-lightning><pytorch-geometric>,2,
StopIteration Error occurs during training while running the train.py file,https://stackoverflow.com/questions/69520913,<python><deep-learning><pytorch><stopiteration>,2,
ERROR: vars() argument must have __dict__ attribute when trying to use trainer.train() on custom HF dataset?,https://stackoverflow.com/questions/69539538,<dictionary><machine-learning><pytorch><dataset><huggingface-transformers>,4,
"PyTorch: Checking Model Accuracy Results in ""TypeError: 'bool' object is not iterable.""",https://stackoverflow.com/questions/69683898,<python><machine-learning><pytorch><attributeerror><pytorch-dataloader>,2,
Running Pytorch Quantized Model on CUDA GPU,https://stackoverflow.com/questions/69718379,<python><machine-learning><pytorch>,9,
PyTorch: How to get around the RuntimeError: in-place operations can be only used on variables that don't share storage with any other variables,https://stackoverflow.com/questions/45693586,<python><machine-learning><pytorch>,3,
PyTorch RuntimeError: Assertion `cur_target >= 0 && cur_target < n_classes' failed,https://stackoverflow.com/questions/45769206,<torch><pytorch>,13,
expected Double tensor (got Float tensor) in Pytorch,https://stackoverflow.com/questions/46546217,<machine-learning><neural-network><conv-neural-network><pytorch>,4,
Porting PyTorch code from CPU to GPU,https://stackoverflow.com/questions/46704352,<python><torch><pytorch><tensor>,7,
Cross entropy loss in pytorch nn.CrossEntropyLoss(),https://stackoverflow.com/questions/47065172,<torch><entropy><pytorch><loss><cross-entropy>,8,
how to calculate loss over a number of images and then back propagate the average loss and update network weight,https://stackoverflow.com/questions/47120126,<backpropagation><pytorch><loss>,2,
How to change the picture size in PyTorch,https://stackoverflow.com/questions/47181853,<conv-neural-network><pytorch>,10,
Pytorch: how to convert data into tensor,https://stackoverflow.com/questions/47272971,<python><machine-learning><deep-learning><pytorch>,5,
Pytorch AssertionError: Torch not compiled with CUDA enabled,https://stackoverflow.com/questions/47312396,<python><deep-learning><pytorch>,20,
"pytorch, AttributeError: module 'torch' has no attribute 'Tensor'",https://stackoverflow.com/questions/47317141,<python><python-3.5><centos7><torch><pytorch>,19,
ValueError: Floating point image RGB values must be in the 0..1 range. while using matplotlib,https://stackoverflow.com/questions/47318871,<matplotlib><deep-learning><pytorch>,5,
transfer learning [resnet18] using PyTorch. Dataset: Dog-Breed-Identification,https://stackoverflow.com/questions/47403634,<python><deep-learning><conv-neural-network><pytorch><resnet>,2,
"`THIndexTensor_(size)(target, 0) == batch_size' failed. at d:\projects\pytorch\torch\lib\thnn\generic/ClassNLLCriterion.c:54",https://stackoverflow.com/questions/47492033,<machine-learning><neural-network><deep-learning><conv-neural-network><pytorch>,3,
Setting up VGG-Face Descriptor in PyTorch,https://stackoverflow.com/questions/47645423,<python><deep-learning><torch><face-recognition><pytorch>,2,
pytorch PIP and CONDA error?,https://stackoverflow.com/questions/47943081,<python><pip><deep-learning><conda><pytorch>,2,
PyTorch Softmax Dimensions error,https://stackoverflow.com/questions/48070505,<python><machine-learning><neural-network><pytorch>,2,
"Pytorch - RuntimeError: Trying to backward through the graph a second time, but the buffers have already been freed",https://stackoverflow.com/questions/48274929,<python><deep-learning><pytorch><recurrent-neural-network><autograd>,56,
What's the reason of the error ValueError: Expected more than 1 value per channel?,https://stackoverflow.com/questions/48343857,<python><torch><pytorch>,23,
"RuntimeError: dimension out of range (expected to be in range of [-1, 0], but got 1)",https://stackoverflow.com/questions/48377214,<python><machine-learning><pytorch>,28,
Given input size: (128x1x1). Calculated output size: (128x0x0). Output size is too small,https://stackoverflow.com/questions/48402009,<python><neural-network><deep-learning><conv-neural-network><pytorch>,14,
Getting CUDA out of memory,https://stackoverflow.com/questions/48473573,<deep-learning><gpu><pytorch><nvidia>,5,
How to get around in place operation error if index leaf variable for gradient update?,https://stackoverflow.com/questions/49161652,<python><neural-network><deep-learning><gradient-descent><pytorch>,11,
pytorch error: multi-target not supported in CrossEntropyLoss(),https://stackoverflow.com/questions/49206550,<python><python-3.x><machine-learning><neural-network><pytorch>,16,
How do I re-use trained fastai models?,https://stackoverflow.com/questions/49398255,<python><scikit-learn><deep-learning><pytorch><resnet>,10,
Running through a dataloader in Pytorch using Google Colab,https://stackoverflow.com/questions/49878836,<python-3.x><image><deep-learning><image-recognition><pytorch>,6,
pytorch cnn stride error,https://stackoverflow.com/questions/50073358,<python><pytorch><stride><conv-neural-network>,4,
How to apply a custom function to specific columns in a matrix in PyTorch,https://stackoverflow.com/questions/50090821,<python><matrix><neural-network><pytorch><tensor>,8,
Pytorch: Gradient of output w.r.t parameters,https://stackoverflow.com/questions/50175711,<python><neural-network><pytorch><gradient-descent><autograd>,4,
Runtime Error: mat1 and mat2 shapes cannot be multiplied in pytorch,https://stackoverflow.com/questions/69778174,<python><deep-learning><pytorch><artificial-intelligence>,4,
PyTorch RuntimeError: Input type (torch.cuda.FloatTensor) and weight type (torch.FloatTensor) should be the same,https://stackoverflow.com/questions/69832196,<python><deep-learning><pytorch>,2,
AttributeError: module 'torch.optim.lr_scheduler' has no attribute 'LinearLR',https://stackoverflow.com/questions/69914189,<python><pytorch><object-detection><torch><torchvision>,4,
Multilayer Perceptron for multiclass classification task,https://stackoverflow.com/questions/69959778,<python><machine-learning><pytorch><multiclass-classification>,2,
How to convert from tensor to float,https://stackoverflow.com/questions/70043645,<python><tensorflow><pytorch><tensor><torch>,6,
Pytorch - IndexError: index out of range in self,https://stackoverflow.com/questions/70052109,<python><deep-learning><nlp><pytorch><lstm>,2,
CUDA OOM - But the numbers don't add upp?,https://stackoverflow.com/questions/70074789,<python><machine-learning><neural-network><pytorch>,2,
Pytorch: RuntimeError: result type Float can't be cast to the desired output type Long,https://stackoverflow.com/questions/70110429,<python><deep-learning><pytorch>,23,
"How to call ""backward"" in a loop with 2 optimizers?",https://stackoverflow.com/questions/70147878,<python><optimization><neural-network><pytorch>,2,
How does a gradient backpropagates through random samples?,https://stackoverflow.com/questions/70163823,<python><pytorch><reinforcement-learning><backpropagation>,3,
Why loss function always return zero after first epoch?,https://stackoverflow.com/questions/70178582,<python><pytorch><conv-neural-network>,2,
Setting CNN input dimensions correctly (Pytorch),https://stackoverflow.com/questions/70385325,<python><machine-learning><pytorch><conv-neural-network>,2,
Change last layer on pretrained huggingface model,https://stackoverflow.com/questions/70449122,<python><pytorch><torch><huggingface-transformers>,2,
Concatenate layers with different sizes in PyTorch,https://stackoverflow.com/questions/70487666,<python><keras><neural-network><pytorch>,3,
'Sequential' object has no attribute 'in_features' and 'fc',https://stackoverflow.com/questions/70781777,<python><deep-learning><pytorch><vgg-net>,2,
"RuntimeError: Only tuples, lists and Variables are supported as JIT inputs/outputs. Dictionaries and strings are also accepted",https://stackoverflow.com/questions/70994743,<python><machine-learning><pytorch><onnx><onnxruntime>,2,
HuggingFace: ValueError: expected sequence of length 165 at dim 1 (got 128),https://stackoverflow.com/questions/71166789,<python><deep-learning><pytorch><huggingface-transformers>,11,
RuntimeError: DataLoader worker exited unexpectedly,https://stackoverflow.com/questions/71261347,<python><machine-learning><pytorch>,5,
Cant get the right yolor pre trained weights in YOLOR,https://stackoverflow.com/questions/71278688,<python><machine-learning><pytorch><google-colaboratory>,3,
Using Focal Loss for imbalanced dataset in PyTorch,https://stackoverflow.com/questions/71300607,<python><deep-learning><pytorch><computer-vision><imbalanced-data>,2,
TypeError: 'module' object is not callable error?,https://stackoverflow.com/questions/71300827,<python-3.x><deep-learning><pytorch>,2,
Semantic segmentation with detectron2,https://stackoverflow.com/questions/71396788,<python><machine-learning><pytorch><google-colaboratory><semantic-segmentation>,2,
An error when calling tensor.backward() in pytorch may caused by grad_fn=<CopySlices>,https://stackoverflow.com/questions/71408271,<python><machine-learning><pytorch>,3,
OSError while calling Detectron2LayoutModel,https://stackoverflow.com/questions/71483333,<python><deep-learning><pytorch><oserror>,2,
Pytorch RuntimeError: CUDA out of memory with a huge amount of free memory,https://stackoverflow.com/questions/71498324,<python><machine-learning><pytorch><computer-vision>,34,
"Using a target size (torch.Size([16])) that is different to the input size (torch.Size([16, 2])) is deprecated",https://stackoverflow.com/questions/71547452,<python><machine-learning><deep-learning><neural-network><pytorch>,3,
"ValueError: num_samples should be a positive integer value, but got num_samples=0",https://stackoverflow.com/questions/71615089,<python><deep-learning><path><pytorch><dataset>,4,
HuggingFace Datasets to PyTorch,https://stackoverflow.com/questions/71662768,<python><machine-learning><pytorch><computer-vision><huggingface-datasets>,3,
"While running a Pytorch CNN built with Sequential I am receiving an error ""Shapes Cannot be Multiplied"" but I checked that the shapes match",https://stackoverflow.com/questions/71759758,<python><pytorch><conv-neural-network><sequential><max-pooling>,2,
"RuntimeError: expected scalar type Long but found Int in loss = criterion(outputs, y_train)",https://stackoverflow.com/questions/60300668,<python><deep-learning><pytorch>,2,
Re-using a classification CNN model for autoencoding - pytorch,https://stackoverflow.com/questions/60365105,<python><pytorch><conv-neural-network><autoencoder>,3,
pytorch DataLoader: `Tensors must have same number of dimensions`,https://stackoverflow.com/questions/60414698,<python><python-3.x><numpy><machine-learning><pytorch>,2,
"Beginner PyTorch - RuntimeError: shape '[16, 400]' is invalid for input of size 9600",https://stackoverflow.com/questions/60439570,<neural-network><artificial-intelligence><pytorch><conv-neural-network>,10,
RuntimeError: expected scalar type Long but found Float,https://stackoverflow.com/questions/60440292,<python><machine-learning><deep-learning><neural-network><pytorch>,52,
"Pytorch ""upsample_bilinear2d_out_frame"" not implemented for 'Byte'",https://stackoverflow.com/questions/60475895,<python><pytorch><object-detection><torch><torchvision>,2,
Invalid device id when using pytorch dataparallel！,https://stackoverflow.com/questions/60750288,<python-3.x><deep-learning><pytorch>,5,
Using WeightedRandomSampler in PyTorch,https://stackoverflow.com/questions/60812032,<machine-learning><deep-learning><computer-vision><pytorch>,8,
Pytorch - Concatenating Datasets before using Dataloader,https://stackoverflow.com/questions/60840500,<python><tensorflow><machine-learning><dataset><pytorch>,15,
"Pytorch, slicing tensor causes RuntimeError:: one of the variables needed for gradient computation has been modified by an inplace operation:",https://stackoverflow.com/questions/60869124,<machine-learning><regression><pytorch>,3,
"IndexError: tensors used as indices must be long, byte or bool tensors",https://stackoverflow.com/questions/60873477,<python><list><image><deep-learning><pytorch>,5,
Using flatten in pytorch v1.0 Sequential module,https://stackoverflow.com/questions/61039700,<python><pytorch><conv-neural-network>,4,
PyTorch Model throwing error for list of layers,https://stackoverflow.com/questions/61116039,<python-3.x><pytorch><torch>,3,
How to use custom torch.autograd.Function in nn.Sequential model,https://stackoverflow.com/questions/61117361,<python><pytorch><torch>,2,
How to solve ' CUDA out of memory. Tried to allocate xxx MiB' in pytorch?,https://stackoverflow.com/questions/61234957,<machine-learning><deep-learning><pytorch><nvidia><conv-neural-network>,11,
"pytorch geometric ""Detected that PyTorch and torch_sparse were compiled with different CUDA versions"" on google colab",https://stackoverflow.com/questions/61297150,<pytorch><google-colaboratory><torch>,5,
bool value of Tensor with more than one value is ambiguous,https://stackoverflow.com/questions/61334483,<pytorch><torch>,4,
how to set values for layers in pytorch nn.module?,https://stackoverflow.com/questions/61335217,<python><pytorch><conv-neural-network><vgg-net>,2,
Getting error when using print() or summary() in pytorch to see the layers and weight dimensions in a Pytorch model,https://stackoverflow.com/questions/61352375,<machine-learning><neural-network><pytorch><conv-neural-network><resnet>,2,
Resuming pytorch model training raises error “CUDA out of memory”,https://stackoverflow.com/questions/61509872,<python><pytorch><conv-neural-network><resuming-training>,2,
pytorch: How to do layer wise multiplication?,https://stackoverflow.com/questions/61555342,<python><deep-learning><pytorch><tensor>,2,
"RuntimeError: stack expects each tensor to be equal size, but got [32, 1] at entry 0 and [32, 0] at entry 1",https://stackoverflow.com/questions/61558291,<python><deep-learning><pytorch><tensor>,3,
'Net' object has no attribute 'parameters',https://stackoverflow.com/questions/61703398,<deep-learning><neural-network><pytorch><conv-neural-network>,4,
How do I use one-hot encoding with cross-entropy loss?,https://stackoverflow.com/questions/61723290,<python><tensorflow><machine-learning><computer-vision><pytorch>,2,
Pytorch RuntimeError: element 0 of tensors does not require grad and does not have a grad_fn,https://stackoverflow.com/questions/61808965,<python><deep-learning><pytorch><gradient><reinforcement-learning>,17,
"PyTorch ""Caught IndexError in DataLoader worker process 0"", ""IndexError: too many indices for array""",https://stackoverflow.com/questions/61900138,<python><machine-learning><deep-learning><pytorch>,5,
Pad torch tensors of different sizes to be equal,https://stackoverflow.com/questions/61943896,<python><machine-learning><pytorch><padding><tensor>,5,
How do I load up an image and convert it to a proper tensor for PyTorch?,https://stackoverflow.com/questions/50420168,<python><image-processing><python-imaging-library><pytorch><conv-neural-network>,6,
can't import torch mac,https://stackoverflow.com/questions/50425739,<python><macos><pytorch><torch>,3,
"Pytorch, can't run backward() on even the most simple network without getting an error",https://stackoverflow.com/questions/50446675,<machine-learning><neural-network><pytorch><feed-forward>,2,
Pytorch - Incorrect dimensions when using LSTM network,https://stackoverflow.com/questions/50557039,<deep-learning><lstm><pytorch>,3,
from torch._C import * ImportError: DLL load failed: The specified module could not be found,https://stackoverflow.com/questions/50612899,<python><machine-learning><pytorch>,11,
Overflow when unpacking long - Pytorch,https://stackoverflow.com/questions/50617917,<python-3.x><deep-learning><pytorch>,9,
PyTorch: copy_if failed to synchronize: device-side assert triggered,https://stackoverflow.com/questions/50852294,<python><machine-learning><pytorch>,4,
Pytorch inceptionV3 transfer learning gives error - max() received an invalid combination of arguments,https://stackoverflow.com/questions/51045839,<python><deep-learning><pytorch><conv-neural-network>,3,
RuntimeError: Expected object of type torch.FloatTensor but found type torch.cuda.DoubleTensor for argument #2 'weight',https://stackoverflow.com/questions/51081004,<neural-network><pytorch><torch>,3,
GPU program failed to execute : cublas runtime error,https://stackoverflow.com/questions/51280089,<deep-learning><conv-neural-network><pytorch>,2,
Implementing a custom dataset with PyTorch,https://stackoverflow.com/questions/51545026,<python><machine-learning><neural-network><pytorch>,3,
Why doesn't my simple pytorch network work on GPU device?,https://stackoverflow.com/questions/51605893,<python><image-processing><machine-learning><deep-learning><pytorch>,11,
Issue with running a single prediction with PyTorch,https://stackoverflow.com/questions/51701908,<pytorch><torch>,2,
How do I turn a Pytorch Dataloader into a numpy array to display image data with matplotlib?,https://stackoverflow.com/questions/51756581,<python><numpy><machine-learning><conv-neural-network><pytorch>,8,
Change dimensions of image when creating custom dataloader in pytorch,https://stackoverflow.com/questions/51769200,<python><machine-learning><deep-learning><conv-neural-network><pytorch>,2,
"Pytorch RuntimeError: ""host_softmax"" not implemented for 'torch.cuda.LongTensor'",https://stackoverflow.com/questions/51818225,<deep-learning><pytorch>,14,
Expected parameters of Conv2d,https://stackoverflow.com/questions/51885408,<machine-learning><deep-learning><conv-neural-network><convolution><pytorch>,4,
Pytorch model accuracy test,https://stackoverflow.com/questions/52176178,<python><conv-neural-network><pytorch>,7,
Expected tensor for argument #1 'input' to have the same dimension,https://stackoverflow.com/questions/52408753,<python><machine-learning><deep-learning><conv-neural-network><pytorch>,2,
pytorch restore model with different batch size,https://stackoverflow.com/questions/52425824,<python><neural-network><deep-learning><pytorch>,4,
Why would Pytorch (CUDA) be running slow on GPU,https://stackoverflow.com/questions/52458508,<python><machine-learning><pytorch>,3,
how to convert pytorch adaptive_avg_pool2d method to keras or tensorflow,https://stackoverflow.com/questions/52622518,<tensorflow><keras><deep-learning><pytorch><spatial-pooling>,5,
PyTorch RuntimeError Invalid argument 2 of size,https://stackoverflow.com/questions/52761666,<python><neural-network><deep-learning><conv-neural-network><pytorch>,2,
PyTorch: create non-fully-connected layer / concatenate output of hidden layers,https://stackoverflow.com/questions/52994435,<python><neural-network><pytorch>,4,
"AttributeError: 'tuple' object has no attribute 'dim', when feeding input to Pytorch LSTM network",https://stackoverflow.com/questions/53032586,<python><tuples><lstm><pytorch><torch>,6,
"RuntimeError: Given groups=1, weight of size [64, 3, 7, 7], expected input[3, 1, 224, 224] to have 3 channels, but got 1 channels instead",https://stackoverflow.com/questions/53416833,<python><deep-learning><pytorch><tensor>,3,
how to save torchtext Dataset?,https://stackoverflow.com/questions/53421999,<python><pickle><pytorch><torch><torchtext>,5,
ValueError: expected 2D or 3D input (got 1D input) PyTorch,https://stackoverflow.com/questions/53500511,<python><machine-learning><deep-learning><pytorch>,3,
Concatenate Two Tensors in Pytorch,https://stackoverflow.com/questions/53512281,<python><machine-learning><deep-learning><pytorch><tensor>,7,
TypeError: can't convert cuda:0 device type tensor to numpy. Use Tensor.cpu() to copy the tensor to host memory first,https://stackoverflow.com/questions/61964863,<python><numpy><deep-learning><pytorch>,2,
RuntimeError: one of the variables needed for gradient computation has been modified by an inplace operation?,https://stackoverflow.com/questions/62061703,<python><deep-learning><computer-vision><pytorch><generative-adversarial-network>,11,
How to solve error: no match between expected input batch size and target batch size in PyTorch?,https://stackoverflow.com/questions/62157890,<python><machine-learning><deep-learning><pytorch>,2,
Understanding input shape to PyTorch conv1D?,https://stackoverflow.com/questions/62372938,<pytorch><conv-neural-network>,13,
"RuntimeError: Given groups=1, weight of size [32, 3, 16, 16, 16], expected input[100, 16, 16, 16, 3] to have 3 channels, but got 16 channels instead",https://stackoverflow.com/questions/62416819,<python><pytorch><conv-neural-network><pytorch-lightning>,14,
Pytorch: Dimensions for cross entropy is correct but somehow wrong for MSE?,https://stackoverflow.com/questions/62422644,<python><machine-learning><image-processing><computer-vision><pytorch>,2,
How does one implemented a parametrized meta-learner in Pytorch's higher library?,https://stackoverflow.com/questions/62459891,<machine-learning><deep-learning><pytorch>,2,
"Intermittent ""RuntimeError: CUDA out of memory"" error in Google Colab Fine Tuning BERT Base Cased with Transformers and PyTorch",https://stackoverflow.com/questions/62468346,<python><machine-learning><pytorch><google-colaboratory>,5,
AutoTokenizer.from_pretrained fails to load locally saved pretrained tokenizer (PyTorch),https://stackoverflow.com/questions/62472238,<python><deep-learning><pytorch><huggingface-transformers><huggingface-tokenizers>,7,
how to modify resnet 50 with 4 channels as input using pre-trained weights in Pytorch?,https://stackoverflow.com/questions/62629114,<python><image-processing><deep-learning><computer-vision><pytorch>,12,
Pytorch: RuntimeError: expected dtype Float but got dtype Long,https://stackoverflow.com/questions/62726792,<python><deep-learning><pytorch><backpropagation>,12,
MNIST dataset is failed to transform as tensor object,https://stackoverflow.com/questions/62873654,<python><numpy><machine-learning><pytorch>,2,
Is it possible to use non-pytoch augmentation in transform.compose,https://stackoverflow.com/questions/62922324,<python><deep-learning><pytorch><artificial-intelligence><data-augmentation>,3,
PyTorch AttributeError: 'UNet3D' object has no attribute 'size',https://stackoverflow.com/questions/62985943,<deep-learning><pytorch><transfer-learning>,3,
PyTorch - RuntimeError: Error(s) in loading state_dict for VGG:,https://stackoverflow.com/questions/63001490,<machine-learning><deep-learning><pytorch>,4,
PyTorch multiprocessing error with Hogwild,https://stackoverflow.com/questions/63081486,<python><machine-learning><deep-learning><multiprocessing><pytorch>,15,
How do I make custom pytorch datasets structured like the torchvision datasets?,https://stackoverflow.com/questions/63125160,<python><pytorch><torch>,2,
Pytorch CUDA OutOfMemory Error while training,https://stackoverflow.com/questions/63441299,<python><pytorch><torch><amazon-sagemaker><torchvision>,3,
How can torchaudio.transform.Resample be called without __call__ function inside?,https://stackoverflow.com/questions/63480624,<python><class><machine-learning><deep-learning><pytorch>,2,
how to implement ResNet50 in PyTorch?,https://stackoverflow.com/questions/63591609,<python><neural-network><pytorch><conv-neural-network>,2,
Pytorch geometric: Having issues with tensor sizes,https://stackoverflow.com/questions/63610626,<python><machine-learning><pytorch><data-science>,4,
Pytorch crossentropy loss with 3d input,https://stackoverflow.com/questions/63648735,<python><neural-network><pytorch><cross-entropy>,4,
AssertionError: Torch not compiled with CUDA enabled (problem in torch vision),https://stackoverflow.com/questions/63781490,<neural-network><pytorch><object-detection><torchvision>,2,
Anaconda reading wrong CUDA version,https://stackoverflow.com/questions/63842961,<tensorflow><pytorch><conda><torch>,8,
"RuntimeError: Expected 3-dimensional input for 3-dimensional weight [64, 512, 1], but got 2-dimensional input of size [4, 512] instead",https://stackoverflow.com/questions/63885053,<deep-learning><pytorch><conv-neural-network>,2,
Can't iterate through PyTorch DataLoader,https://stackoverflow.com/questions/63927648,<python><pandas><deep-learning><iterator><pytorch>,2,
OSError: cannot identify image file,https://stackoverflow.com/questions/43418825,<classification><deep-learning><pytorch>,2,
Trying to load a custom dataset in Pytorch,https://stackoverflow.com/questions/43441673,<python><machine-learning><computer-vision><dataset><pytorch>,4,
pytorch Network.parameters() missing 1 required positional argument: 'self',https://stackoverflow.com/questions/43779500,<python><machine-learning><pytorch><computer-vision>,10,
"pytorch custom layer ""is not a Module subclass""",https://stackoverflow.com/questions/44406819,<torch><pytorch><autograd>,10,
How to parallelize RNN function in Pytorch with DataParallel,https://stackoverflow.com/questions/44595338,<torch><recurrent-neural-network><pytorch>,3,
subtraction of scalar from tensor yields 'inconsistent tensor size' in pytorch,https://stackoverflow.com/questions/44631520,<torch><subtraction><pytorch>,2,
Pytorch: Convert FloatTensor into DoubleTensor,https://stackoverflow.com/questions/44717100,<python><torch><pytorch>,18,
Find number of non-zero elements in a tensor along an aixs,https://stackoverflow.com/questions/44857373,<python><deep-learning><pytorch>,3,
Confused about tensor dimensions and batch sizes in pytorch,https://stackoverflow.com/questions/45020108,<python><machine-learning><neural-network><deep-learning><pytorch>,6,
Understanding a simple LSTM pytorch,https://stackoverflow.com/questions/45022734,<neural-network><lstm><pytorch><recurrent-neural-network>,35,
How to get mini-batches in pytorch in a clean and efficient way?,https://stackoverflow.com/questions/45113245,<python><numpy><machine-learning><deep-learning><pytorch>,61,
Tensor type mismatch when moving to GPU,https://stackoverflow.com/questions/45446983,<python><deep-learning><pytorch>,8,
"Simple but disturbing problem about function ""tensor.backward()"" in PyTorch",https://stackoverflow.com/questions/53578605,<python><deep-learning><pytorch>,4,
How to connect the input to the output directly using single fully connected layer in PyTorch?,https://stackoverflow.com/questions/53586245,<python><deep-learning><conv-neural-network><pytorch><torch>,2,
Why does this error pop up while working with Deep Q learning?,https://stackoverflow.com/questions/53639839,<python><deep-learning><artificial-intelligence><pytorch>,4,
can't find the inplace operation: one of the variables needed for gradient computation has been modified by an inplace operation,https://stackoverflow.com/questions/53691156,<python><pytorch><backpropagation>,8,
How to change a Pytorch CNN to take color images instead of black and white?,https://stackoverflow.com/questions/53769948,<python><image><conv-neural-network><pytorch>,3,
IndexError when iterating my dataset using Dataloader in PyTorch,https://stackoverflow.com/questions/53810497,<machine-learning><deep-learning><computer-vision><pytorch>,2,
Pytorch - inference all images and back-propagate batch by batch,https://stackoverflow.com/questions/53843711,<python><deep-learning><pytorch>,7,
PyTorch - How to deactivate dropout in evaluation mode,https://stackoverflow.com/questions/53879727,<python><deep-learning><lstm><pytorch><dropout>,30,
TypeError: can’t convert CUDA tensor to numpy. Use Tensor.cpu() to copy the tensor to host memory first,https://stackoverflow.com/questions/53900910,<numpy><neural-network><pytorch><pruning>,60,
Problem with missing and unexpected keys while loading my model in Pytorch,https://stackoverflow.com/questions/53907073,<python><machine-learning><neural-network><conv-neural-network><pytorch>,15,
"TypeError: add(): argument 'other' (position 1) must be Tensor, not numpy.ndarray",https://stackoverflow.com/questions/53938977,<machine-learning><pytorch><kaggle><resnet><fast-ai>,4,
Pytorch: AttributeError: cannot assign module before Module.__init__() call even if initialized,https://stackoverflow.com/questions/54053256,<python-3.x><deep-learning><pytorch>,2,
RuntimeError: Error(s) in loading state_dict for ResNet:,https://stackoverflow.com/questions/54058256,<python-3.x><deep-learning><pytorch><resnet>,16,
Expect FloatTensors but got LongTensors in MNIST-like task,https://stackoverflow.com/questions/54085357,<python><machine-learning><deep-learning><computer-vision><pytorch>,2,
How to fix 'cannot initialize type TensorProto DataType' error while importing torch?,https://stackoverflow.com/questions/54096158,<pytorch><torch>,2,
ModuleNotFoundError: No module named 'torch.utils.serialization',https://stackoverflow.com/questions/54107156,<python><python-3.x><pytorch><torch>,3,
Implementing dropout from scratch,https://stackoverflow.com/questions/54109617,<python><machine-learning><deep-learning><pytorch><dropout>,21,
"UnpicklingError: invalid load key, '\x0a'",https://stackoverflow.com/questions/54117962,<python-3.x><neural-network><pytorch>,6,
pytorch instance tensor not moved to gpu even with explicit cuda() call,https://stackoverflow.com/questions/54155969,<python><machine-learning><artificial-intelligence><pytorch>,9,
RuntimeError: PyTorch does not currently provide packages for PyPI,https://stackoverflow.com/questions/54274089,<python><pytorch><torch>,2,
packed_padded_sequence gives error when used with GPU,https://stackoverflow.com/questions/54358280,<python><deep-learning><gpu><pytorch>,4,
Pytorch RuntimeError: Invalid index in gather,https://stackoverflow.com/questions/54380830,<python><deep-learning><pytorch>,5,
How to balance (oversampling) unbalanced data in PyTorch (with WeightedRandomSampler)?,https://stackoverflow.com/questions/54415345,<python><machine-learning><pytorch><data-cleaning>,3,
PyTorch runtime error : invalid argument 0: Sizes of tensors must match except in dimension 1,https://stackoverflow.com/questions/54417736,<deep-learning><pytorch>,4,
net.load_state_dict(torch.load('rnn_x_epoch.net')) not working on cpu,https://stackoverflow.com/questions/54435133,<neural-network><pytorch><torch>,2,
Pytorch ValueError: optimizer got an empty parameter list,https://stackoverflow.com/questions/54678896,<python><machine-learning><pytorch><reinforcement-learning><backpropagation>,28,
Concat tensors in PyTorch,https://stackoverflow.com/questions/54727686,<python><machine-learning><pytorch><tensor>,6,
Input dimension error on pytorch's forward check,https://stackoverflow.com/questions/54749244,<python><python-3.x><machine-learning><pytorch>,2,
RNN model (GRU) of word2vec to regression not learning,https://stackoverflow.com/questions/54824768,<python><tensorflow><machine-learning><keras><pytorch>,3,
UserWarning: The .grad attribute of a Tensor that is not a leaf Tensor is being accessed,https://stackoverflow.com/questions/71958197,<python><deep-learning><pytorch><logistic-regression>,2,
Pytorch optimizer returns empty,https://stackoverflow.com/questions/72006790,<python><pytorch><conv-neural-network>,2,
"How to fix ""initial_lr not specified when resuming optimizer"" error for scheduler?",https://stackoverflow.com/questions/72058575,<python><machine-learning><pytorch><scheduler>,2,
"UserWarning: Using a target size (torch.Size([1])) that is different to the input size (torch.Size([1, 1]))",https://stackoverflow.com/questions/72061934,<deep-learning><pytorch>,7,
pytorch gather failed with sparse_grad=True,https://stackoverflow.com/questions/72239086,<python><pytorch><backpropagation>,5,
`torch.cuda.Event()` throws error `TypeError: object.__new__() takes exactly one argument (the type to instantiate)`,https://stackoverflow.com/questions/72278094,<python><constructor><pytorch><torch>,4,
AttributeError: 'Upsample' object has no attribute 'recompute_scale_factor',https://stackoverflow.com/questions/72297590,<python-3.x><pytorch><torch>,8,
Matrix 2D on Convolutional Netowrk,https://stackoverflow.com/questions/72331271,<python><machine-learning><pytorch><conv-neural-network>,2,
"RuntimeError: Given groups=1, weight of size [6, 3, 3, 3], expected input[4, 224, 3, 224] to have 3 channels, but got 224 channels instead",https://stackoverflow.com/questions/72538897,<python><pytorch><conv-neural-network><artificial-intelligence><torch>,2,
mat1 and mat2 shapes cannot be multiplied (128x4 and 128x64),https://stackoverflow.com/questions/72724452,<python><pytorch><conv-neural-network>,2,
Pytorch identifying batch size as number of channels in Conv2d layer,https://stackoverflow.com/questions/72808402,<python><neural-network><pytorch><conv-neural-network><autoencoder>,2,
Error happend when import torch (pytorch),https://stackoverflow.com/questions/73098560,<python><windows><deep-learning><pytorch>,2,
"RuntimeError: Expected 3D (unbatched) or 4D (batched) input to conv2d, but got input of size: [64, 2]",https://stackoverflow.com/questions/73265333,<python><machine-learning><deep-learning><pytorch><conv-neural-network>,2,
"ValueError: base_distribution needs to have shape with size at least 6, but got torch.Size([6])",https://stackoverflow.com/questions/73445876,<python><deep-learning><pytorch><tensor>,3,
Defining my own gradient function for pytorch to use,https://stackoverflow.com/questions/73532345,<numpy><pytorch><tensor><torch>,4,
Apply math operation dynamically between two nn.Modules or loss functions,https://stackoverflow.com/questions/73599363,<python><neural-network><pytorch><automl>,5,
Why don't the images align when concatenating two data sets in pytorch using torch.utils.data.ConcatDataset?,https://stackoverflow.com/questions/73913522,<python><machine-learning><pytorch><dataset>,3,
How to fine-tune gpt-j using Huggingface Trainer,https://stackoverflow.com/questions/74014379,<python><machine-learning><pytorch><huggingface-transformers><huggingface>,4,
How to stop logging locally but only save to wandb's servers and have wandb work using soft links?,https://stackoverflow.com/questions/74175401,<python><machine-learning><deep-learning><pytorch><wandb>,2,
Coco_eval - Average Precision and Recall,https://stackoverflow.com/questions/74207204,<python><machine-learning><deep-learning><pytorch>,2,
TypeError: 'Adam' object is not callable,https://stackoverflow.com/questions/74238235,<python><deep-learning><pytorch>,2,
KeyError: 'eval_loss' in Hugginface Trainer,https://stackoverflow.com/questions/74239556,<python-3.x><machine-learning><pytorch><huggingface-transformers><huggingface-tokenizers>,2,
ImportError: libtinfo.so.5: cannot open shared object file: No such file or directory,https://stackoverflow.com/questions/74261921,<python-3.x><pytorch><importerror><torch><fast-ai>,3,
TypeError: __init__() got an unexpected keyword argument 'device_type' in torch.cuda.autocast,https://stackoverflow.com/questions/74746481,<python><machine-learning><pytorch><neural-network>,2,
mat1 and mat2 must have the same dtype,https://stackoverflow.com/questions/75102134,<python><machine-learning><pytorch><data-science>,5,
TypeError: No loop matching the specified signature and casting was found for ufunc greater,https://stackoverflow.com/questions/75117132,<python><numpy><deep-learning><pytorch><yolov5>,2,
"""Unsupported number of image dimensions"" while using image_utils from Transformers",https://stackoverflow.com/questions/75168665,<python><numpy><machine-learning><pytorch><huggingface-transformers>,3,
RuntimeError: _thnn_mse_loss_forward is not implemented for type torch.cuda.LongTensor,https://stackoverflow.com/questions/54878415,<python><image-processing><machine-learning><computer-vision><pytorch>,7,
Fastai learner not loading,https://stackoverflow.com/questions/54914106,<machine-learning><model><pytorch><resnet><fast-ai>,9,
Pytorch CNN error: Expected input batch_size (4) to match target batch_size (64),https://stackoverflow.com/questions/54928638,<python><machine-learning><computer-vision><conv-neural-network><pytorch>,3,
Pytorch TypeError: eq() received an invalid combination of arguments,https://stackoverflow.com/questions/54999926,<numpy><image-processing><machine-learning><computer-vision><pytorch>,2,
Torchtext AttributeError: 'Example' object has no attribute 'text_content',https://stackoverflow.com/questions/55060888,<neural-network><nlp><pytorch><recurrent-neural-network><torchtext>,5,
Implementation of VGG16 on Pytorch giving size mismatch error,https://stackoverflow.com/questions/55145561,<python><deep-learning><computer-vision><conv-neural-network><pytorch>,2,
How to pass parameters to forward function of my torch nn.module from skorch.NeuralNetClassifier.fit(),https://stackoverflow.com/questions/55156877,<python><scikit-learn><neural-network><pytorch><skorch>,3,
"Pytorch - why does preallocating memory cause ""trying to backward through the graph a second time""",https://stackoverflow.com/questions/55268726,<pytorch><backpropagation><tensor><autograd><autodiff>,5,
"RuntimeError: Expected object of backend CUDA but got backend CPU for argument: ret = torch.addmm(torch.jit._unwrap_optional(bias), input, weight.t())",https://stackoverflow.com/questions/55278566,<python><pytorch><torch><tensor>,12,
"In Colaboratory, CUDA cannot be used for the torch",https://stackoverflow.com/questions/55368921,<pytorch><google-colaboratory><torch>,17,
Error libtorch_python.so: cannot open shared object file: No such file or directory,https://stackoverflow.com/questions/55476131,<python><pip><pytorch><torch><python-3.7>,9,
Pytorch loss function error in the last batch,https://stackoverflow.com/questions/55507391,<python><machine-learning><pytorch><loss-function>,2,
how to load the gpu trained model into the cpu?,https://stackoverflow.com/questions/55511857,<gpu><conv-neural-network><pytorch><cudnn><pre-trained-model>,11,
Pytorch doesn't support one-hot vector?,https://stackoverflow.com/questions/55549843,<python><machine-learning><pytorch>,28,
Issues converting Keras code into PyTorch code (shaping),https://stackoverflow.com/questions/55636138,<machine-learning><keras><deep-learning><pytorch>,2,
Adam optimizer error: one of the variables needed for gradient computation has been modified by an inplace operation,https://stackoverflow.com/questions/55673412,<optimization><error-handling><deep-learning><pytorch><reinforcement-learning>,2,
How downsample work in ResNet in pytorch code?,https://stackoverflow.com/questions/55688645,<python><deep-learning><pytorch><conv-neural-network><torchvision>,11,
Creating a Simple 1D CNN in PyTorch with Multiple Channels,https://stackoverflow.com/questions/55720464,<python><neural-network><conv-neural-network><pytorch><torch>,5,
Missing Keys in state_dict,https://stackoverflow.com/questions/55744941,<image-processing><machine-learning><computer-vision><pytorch><generative-adversarial-network>,2,
Expected object of scalar type Long but got scalar type Byte for argument #2 'target',https://stackoverflow.com/questions/55762581,<python><tensorflow><deep-learning><pytorch><google-colaboratory>,3,
The `device` argument should be set by using `torch.device` or passing a string as an argument,https://stackoverflow.com/questions/55883389,<python><machine-learning><deep-learning><nlp><pytorch>,5,
PyTorch: _thnn_nll_loss_forward is not implemented for type torch.LongTensor,https://stackoverflow.com/questions/55914172,<python><machine-learning><computer-vision><pytorch><loss-function>,5,
RuntimeError: Assertion `cur_target >= 0 && cur_target < n_classes' failed,https://stackoverflow.com/questions/55981101,<python><python-3.x><machine-learning><pytorch><cross-entropy>,2,
pytorch embedding index out of range,https://stackoverflow.com/questions/56010551,<python><neural-network><nlp><pytorch><recurrent-neural-network>,13,
Inplace arithmetic operation versus normal arithmetic operation in PyTorch Tensors,https://stackoverflow.com/questions/56019560,<python><machine-learning><pytorch>,2,
Pytorch RuntimeError: Expected tensor for argument #1 'indices' to have scalar type Long; but got CUDAType instead,https://stackoverflow.com/questions/56360644,<python-3.x><pytorch><torch><embedding>,39,
Moving a tensor to cuda device cause illegal memory access in Pytorch,https://stackoverflow.com/questions/63951247,<python><deep-learning><pytorch><google-colaboratory>,4,
Input fixed length sequence of frames to CNN,https://stackoverflow.com/questions/64100096,<python><pytorch><tensor><conv-neural-network>,2,
Error in transformation of EMNIST data through Pytorch,https://stackoverflow.com/questions/64173581,<python><numpy><deep-learning><pytorch><mnist>,2,
How to restructure the output tensor of a cnn layer for use by a linear layer in a simple pytorch model,https://stackoverflow.com/questions/64263839,<python><deep-learning><pytorch>,3,
retain_graph problem with GRU in Pytorch 1.6,https://stackoverflow.com/questions/64355112,<python-3.x><machine-learning><deep-learning><pytorch><torch>,3,
Python3 Pytorch RuntimeError on GCP - no msg,https://stackoverflow.com/questions/64356499,<python-3.x><tensorflow><google-cloud-platform><neural-network><pytorch>,2,
RuntimeError: Can only calculate the mean of floating types. Got Byte instead. for mean += images_data.mean(2).sum(0),https://stackoverflow.com/questions/64358283,<python><deep-learning><pytorch><dataloader>,6,
No module named 'parse_config' while tryhing to load checkpoint in PyTorch,https://stackoverflow.com/questions/64483065,<python><deep-learning><pytorch>,2,
Pytorch RuntimeError: expected scalar type Float but found Byte,https://stackoverflow.com/questions/64635630,<python><python-3.x><machine-learning><pytorch><pattern-recognition>,14,
Optuna Pytorch: returned value from the objective function cannot be cast to float,https://stackoverflow.com/questions/64781266,<pytorch><conv-neural-network><optuna><pytorch-ignite>,4,
RuntimeError: one of the variables needed for gradient computation has been modified by an inplace operation: PyTorch error,https://stackoverflow.com/questions/64933097,<python><neural-network><pytorch>,3,
How to solve the ValueError importing torch in python,https://stackoverflow.com/questions/64948852,<python><pytorch><torch>,2,
"""Didn't find engine for operation quantized"" error while using dynamic quantization with Huggingface transformer",https://stackoverflow.com/questions/64968060,<deep-learning><pytorch><quantization>,5,
RuntimeError: The size of tensor a (4000) must match the size of tensor b (512) at non-singleton dimension 1,https://stackoverflow.com/questions/65023526,<python><deep-learning><pytorch><bert-language-model><huggingface-transformers>,9,
PyTorch error in trying to backward through the graph a second time,https://stackoverflow.com/questions/65050791,<python><deep-learning><pytorch><backpropagation><autograd>,2,
"Pytorch ValueError: Expected target size (2, 13), got torch.Size([2]) when calling CrossEntropyLoss",https://stackoverflow.com/questions/65066981,<python><python-3.x><neural-network><pytorch>,2,
Feeding Multiple Inputs to LSTM for Time-Series Forecasting using PyTorch,https://stackoverflow.com/questions/65144346,<machine-learning><deep-learning><time-series><pytorch><lstm>,5,
LSTM Autoencoder problems,https://stackoverflow.com/questions/65205506,<python><neural-network><pytorch><lstm><autoencoder>,12,
AssertionError: No inf checks were recorded for this optimizer in Pytorch's AutomaticMixedPrecision,https://stackoverflow.com/questions/65428216,<python><deep-learning><pytorch>,5,
BERT Based CNN - Convolution and Maxpooling,https://stackoverflow.com/questions/65447378,<deep-learning><neural-network><pytorch><conv-neural-network><huggingface-transformers>,2,
How to dump confusion matrix using TensorBoard logger in pytorch-lightning?,https://stackoverflow.com/questions/65498782,<python><deep-learning><pytorch><tensorboard><pytorch-lightning>,8,
"ValueError: Target size (torch.Size([1000])) must be the same as input size (torch.Size([1000, 1]))",https://stackoverflow.com/questions/65537991,<neural-network><pytorch><loss-function>,3,
Pytorch torch.load ModuleNotFoundError: No module named 'utils',https://stackoverflow.com/questions/65538179,<python><machine-learning><pytorch>,3,
ResNet object has no attribute 'predict',https://stackoverflow.com/questions/65647833,<python><numpy><machine-learning><pytorch><classification>,2,
Loading a single graph into a pytorch geometric data object for node classification,https://stackoverflow.com/questions/65670777,<python><python-3.x><pytorch><torch><dataloader>,2,
Estimating mixture of Gaussian models in Pytorch,https://stackoverflow.com/questions/65755730,<deep-learning><pytorch>,4,
Pytorch/cuda : CPU error and map_location,https://stackoverflow.com/questions/65842425,<deep-learning><pytorch><runtime-error>,2,
"PyTorch RuntimeError: Tensor for argument #1 'self' is on CPU, but expected them to be on GPU",https://stackoverflow.com/questions/65914706,<python><deep-learning><pytorch><logistic-regression>,2,
Pytorch already installed using Conda but fails when called,https://stackoverflow.com/questions/65921244,<deep-learning><pytorch><conda>,3,
1D CNN on Pytorch: mat1 and mat2 shapes cannot be multiplied (10x3 and 10x2),https://stackoverflow.com/questions/65945996,<python><neural-network><pytorch><torch>,5,
"Pytorch: 1D target tensor expected, multi-target not supported",https://stackoverflow.com/questions/65951522,<python><deep-learning><pytorch><conv-neural-network>,2,
How to save a model using DefaultTrainer in Detectron2?,https://stackoverflow.com/questions/66037566,<deep-learning><computer-vision><pytorch><object-recognition><detectron>,2,
"""RuntimeError: expected scalar type Double but found Float"" in Pytorch CNN training",https://stackoverflow.com/questions/66074684,<python><deep-learning><pytorch><tensor><scalar>,11,
"RuntimeError: Expected all tensors to be on the same device, but found at least two devices, cuda:0 and cpu! when resuming training",https://stackoverflow.com/questions/66091226,<python><deep-learning><pytorch><runtime-error>,94,
"Pytorch model running out of memory on both CPU and GPU, can’t figure out what I’m doing wrong",https://stackoverflow.com/questions/66203862,<deep-learning><pytorch><conv-neural-network><pytorch-lightning>,2,
How to parallelize a training loop ever samples of a batch when CPU is only available in pytorch?,https://stackoverflow.com/questions/66226135,<machine-learning><deep-learning><multiprocessing><pytorch><conv-neural-network>,19,
"UnpicklingError: A load persistent id instruction was encountered, but no persistent_load function was specified",https://stackoverflow.com/questions/66337562,<python><serialization><deep-learning><pytorch><pickle>,11,
Pytorch N - Beats model throwing error: 'str' object has no attribute '__name__',https://stackoverflow.com/questions/66342637,<machine-learning><pytorch><pytorch-lightning>,2,
"RuntimeError: Expected one of cpu, cuda, mkldnn, opengl, opencl, ideep, hip, msnpu device type at start of device string: 0",https://stackoverflow.com/questions/66427526,<python><machine-learning><pytorch>,2,
RuntimeError: CUDA error: device-side assert triggered on loss function,https://stackoverflow.com/questions/66456541,<python-3.x><deep-learning><pytorch>,4,
"Pytorch lightning metrics: ValueError: preds and target must have same number of dimensions, or one additional dimension for preds",https://stackoverflow.com/questions/66474197,<python><deep-learning><pytorch><cross-entropy><pytorch-lightning>,2,
'LSTM' object has no attribute '_flat_weights_names',https://stackoverflow.com/questions/66478043,<python><pytorch><nltk><torch>,6,
How to solve dist.init_process_group from hanging (or deadlocks)?,https://stackoverflow.com/questions/66498045,<python><machine-learning><pytorch><gpu><multi-gpu>,8,
HTTPError : HTTP Error 403: Forbidden when download MNIST dataset using pytorch,https://stackoverflow.com/questions/66516478,<python><pytorch><conv-neural-network>,2,
Transformer Model Output Nan Values in Pytorch,https://stackoverflow.com/questions/66542007,<deep-learning><pytorch><gradient><nan>,12,
RuntimeError: CUDA error: CUBLAS_STATUS_EXECUTION_FAILED when calling `cublasSgemm( handle)` with GPU only,https://stackoverflow.com/questions/66600362,<python><pytorch><gpu><conv-neural-network>,23,
"how to solve this (Pytorch RuntimeError: 1D target tensor expected, multi-target not supported)",https://stackoverflow.com/questions/66635987,<python><deep-learning><pytorch>,4,
Pytorch 1D tensors expected but got 2D tensors,https://stackoverflow.com/questions/66720543,<python><machine-learning><neural-network><pytorch><tensor>,2,
How to run LSTM on very long sequence using Truncated Backpropagation in Pytorch (lightning)?,https://stackoverflow.com/questions/66902573,<python><deep-learning><pytorch><lstm><pytorch-lightning>,3,
tgt and src have to have equal features for a Transformer Network in Pytorch,https://stackoverflow.com/questions/66921933,<machine-learning><pytorch><transformer-model><attention-model>,2,
PyTorch ValueError: Target size (torch.Size([64])) must be the same as input size (torch.Size([15])),https://stackoverflow.com/questions/66979328,<python><nlp><pytorch><conv-neural-network>,5,
How does one use Pytorch (+ cuda) with an A100 GPU?,https://stackoverflow.com/questions/66992585,<python><machine-learning><neural-network><pytorch>,46,
Use only certain layers of pretrained torchvision network,https://stackoverflow.com/questions/56455302,<image-processing><machine-learning><computer-vision><pytorch><object-detection>,2,
Passing tensorDataset or Dataloader to skorch,https://stackoverflow.com/questions/56490278,<machine-learning><deep-learning><computer-vision><pytorch><skorch>,7,
"How to fix ""ValueError: Expected input batch_size (1) to match target batch_size (4).""?",https://stackoverflow.com/questions/56515411,<python-3.x><deep-learning><pytorch>,4,
"How to fix RuntimeError ""Expected object of scalar type Float but got scalar type Double for argument""?",https://stackoverflow.com/questions/56741087,<python><neural-network><deep-learning><classification><pytorch>,123,
PyTorch - Getting the 'TypeError: pic should be PIL Image or ndarray. Got <class 'numpy.ndarray'>' error,https://stackoverflow.com/questions/56741108,<python><deep-learning><pytorch><torch><torchvision>,22,
"PyTorch DataLoader - ""IndexError: too many indices for tensor of dimension 0""",https://stackoverflow.com/questions/56745486,<python><machine-learning><pytorch>,6,
How to train the original U-Net model with PyTorch?,https://stackoverflow.com/questions/56764048,<python><conv-neural-network><pytorch><image-segmentation>,3,
RuntimeError: The size of tensor a (133) must match the size of tensor b (10) at non-singleton dimension 1,https://stackoverflow.com/questions/56783182,<python><pytorch><conv-neural-network>,11,
ImportError: Please install apex from https://www.github.com/nvidia/apex to use distributed and fp16 training,https://stackoverflow.com/questions/56850711,<python-3.x><deep-learning><nlp><pytorch>,3,
NotImplementedError: when i try to create a DataLoader object in Pytorch,https://stackoverflow.com/questions/56971163,<machine-learning><deep-learning><pytorch>,2,
"PyTorch Dimension out of range (expected to be in range of [-1, 0], but got 1)",https://stackoverflow.com/questions/57065070,<python-3.x><machine-learning><deep-learning><pytorch>,2,
"How to fix ""RuntimeError: Function AddBackward0 returned an invalid gradient at index 1 - expected type torch.FloatTensor but got torch.LongTensor""",https://stackoverflow.com/questions/57142401,<deep-learning><pytorch><machine-translation>,3,
"""RuntimeError: Expected 4-dimensional input for 4-dimensional weight 32 3 3, but got 3-dimensional input of size [3, 224, 224] instead""?",https://stackoverflow.com/questions/57237381,<python><machine-learning><pytorch><computer-vision><conv-neural-network>,34,
Trouble Converting LSTM Pytorch Model to ONNX,https://stackoverflow.com/questions/57299674,<python><deep-learning><pytorch><lstm><onnx>,4,
Unable to figure out inplace operation in the pytorch code?,https://stackoverflow.com/questions/57500582,<python><machine-learning><pytorch><lstm><recurrent-neural-network>,3,
Concatenation step of U-Net for unequal number of channels,https://stackoverflow.com/questions/57530038,<deep-learning><pytorch><image-segmentation><unet-neural-network>,2,
How To Fix: RuntimeError: size mismatch in pyTorch,https://stackoverflow.com/questions/57534072,<python><deep-learning><pytorch>,3,
How does torch.nn.DataParallel change the output size?,https://stackoverflow.com/questions/57607680,<parallel-processing><conv-neural-network><pytorch>,5,
"fastai error predicting with exported/reloaded model: ""Input type and weight type should be the same""",https://stackoverflow.com/questions/57618507,<python><deep-learning><pytorch><fast-ai>,6,
Getting truth value of array with more than one element in ambigous for albuementation transform,https://stackoverflow.com/questions/57718447,<python><machine-learning><neural-network><pytorch><albumentations>,2,
PyTorch: RuntimeError: Function MulBackward0 returned an invalid gradient at index 0 - expected type torch.cuda.FloatTensor but got torch.FloatTensor,https://stackoverflow.com/questions/57725608,<python><pytorch><backpropagation>,3,
"ValueError: Target size (torch.Size([16])) must be the same as input size (torch.Size([16, 1]))",https://stackoverflow.com/questions/57798033,<size><conv-neural-network><pytorch>,48,
how to install pytorch in python2.7?,https://stackoverflow.com/questions/57835948,<python><python-2.7><pytorch><torch>,4,
Pytorch: ValueError: Expected input batch_size (32) to match target batch_size (64),https://stackoverflow.com/questions/58059221,<python-3.x><conv-neural-network><pytorch>,2,
RuntimeError: Expected object of scalar type Long but got scalar type Float for argument #2 'mat2' how to fix it?,https://stackoverflow.com/questions/58157523,<python><neural-network><pytorch><typing>,4,
RuntimeError: Error(s) in loading state_dict for BertModel,https://stackoverflow.com/questions/58444517,<machine-learning><deep-learning><pytorch><transfer-learning>,3,
"Pytorch Autograd: what does runtime error ""grad can be implicitly created only for scalar outputs"" mean",https://stackoverflow.com/questions/58510249,<tensorflow><neural-network><pytorch><autograd><automatic-differentiation>,9,
